date,content_length_max,content_length_mean,num_comments_sum,volatility_score_reddit,volatility_score_mean,relevance_score_max,echo_score_mean,engagement_sum,echo_score_reddit,echo_score_max,volatility_score_max,engagement_mean,price_usd,price_change_1d,price_change_3d,price_change_7d,direction_1d,direction_3d,direction_7d,price_ma_7,price_volatility
2025-02-01,790,303.3333,49,0.275,0.3333,0.5573,0.1709,156,0.182,0.2406,0.45,52.0,3296.390634843652,-5.19816895789983,-12.698034221712584,-20.414447424647932,0,0,0,,
2025-02-02,705,278.0,111,0.304,0.2533,0.4421,0.1705,659,0.1676,0.234,0.51,109.8333,3125.0386801320924,-8.394810052379098,-12.30889416830575,-15.661807370303137,0,0,0,,
2025-02-03,5839,1147.0,14,0.835,0.3457,0.6553,0.1714,23,0.1521,0.2369,1.0,3.2857,2862.6976188716285,0.5280405788791187,-2.5201913562375555,-8.040031727385244,1,0,0,,
2025-02-04,2024,683.5714,112,0.372,0.2657,0.5253,0.1521,165,0.1343,0.2277,1.0,23.5714,2877.8138239498767,-4.775598981772633,-6.642247165727532,-7.558411961747058,0,0,0,,
2025-02-05,8312,1593.375,193,0.65,0.5375,0.5968,0.1458,202,0.1432,0.1744,1.0,25.25,2740.3809762760143,1.8308105728340074,-4.266934981151326,-5.011989488327762,1,0,0,,
2025-02-06,94,80.3333,0,0.0,0.0,0.4093,0.3196,0,0.0,0.3259,0.0,0.0,2790.5521609256075,-3.7229135361331878,-5.552701049381959,-1.9452009563714068,0,0,0,,
2025-02-07,902,398.5,13,0.252,0.21,0.3986,0.172,81,0.1708,0.2057,1.0,13.5,2686.662316793651,-2.35279344992686,-2.0146370610133024,-0.40769232595483373,0,0,0,2911.36231597036,
2025-02-08,1523,1005.0,95,0.33,0.33,0.4371,0.1635,130,0.1635,0.1655,0.36,65.0,2623.4507017824767,0.4631472591273944,1.4044898132115513,3.8582440956922426,1,1,1,2815.2280398187636,3.503466043689965
2025-02-09,3123,1413.3333,7,0.41,0.2733,0.3436,0.1682,3,0.141,0.2226,0.48,1.0,2635.6011418023404,-0.11630438682375122,-1.2356866705233838,2.171050986301948,0,0,1,2745.308391485942,3.6051850343677825
2025-02-10,3746,1546.5,48,0.8667,0.65,0.5294,0.1687,33,0.1459,0.2371,1.0,8.25,2632.5358220552475,1.0545337068468719,3.940477872282311,1.0395271785032412,1,1,1,2712.4281347978877,2.4692131246929256
2025-02-11,122,61.0,82,0.2,0.2,0.5122,0.1652,437,0.1652,0.1757,0.2,218.5,2660.2967996436387,-2.1525203445864616,0.5793414126645136,3.0676381846907352,0,1,1,2681.354274182711,2.536434922744263
2025-02-12,1359,471.6667,4,0.205,0.1367,0.475,0.1858,6,0.1496,0.2582,0.26,2.0,2603.0333698049267,5.118526152751457,4.672873778471165,2.55321855092705,1,1,1,2661.733187543984,2.0475690021779682
2025-02-13,1310,248.1333,111,0.244,0.1993,0.542,0.2654,363,0.1889,0.4772,0.8,24.2,2736.2703136032396,-2.2132796090502893,-1.58788870386124,-0.7845890453314075,0,0,0,2653.978637926503,2.919804189766562
2025-02-14,1053,274.5714,4,0.5867,0.3086,0.4113,0.2028,7,0.1214,0.3415,1.0,1.0,2675.7090007037627,1.829826519653488,-0.5907687753137325,2.462314170875346,1,0,1,2652.41387848509,2.6646241503936277
2025-02-15,1186,625.0,16,0.56,0.56,0.3963,0.1405,13,0.1405,0.1445,0.6,6.5,2724.6698335873957,-1.1688919812731124,0.6325627529528699,-2.4341569197811497,0,1,0,2666.8737544572214,2.5216467601757784
2025-02-16,12,3.0,169,0.045,0.045,0.6125,0.1488,1041,0.1488,0.1677,0.06,260.25,2692.8213863864253,-1.2224961946419866,-0.8662618996843618,2.6564646054693997,0,0,1,2675.048075112091,2.6070802290078103
2025-02-17,874,256.7778,63,0.2871,0.2733,0.5149,0.1465,33,0.146,0.1627,0.45,3.6667,2659.9017474093457,3.082945930846326,2.0639893603656034,6.289054144257866,1,1,1,2678.957493019819,2.6717875317503075
2025-02-18,956,360.0,39,0.1833,0.2375,0.5679,0.1565,22,0.1541,0.1708,0.4,5.5,2741.9050800956124,-2.640885708686902,-0.011368646507747826,-8.709333584541156,0,0,0,2690.615818798673,2.88425283909652
2025-02-19,382,382.0,8,0.2,0.2,0.3645,0.1866,10,0.1866,0.1866,0.2,10.0,2669.4945006896073,1.69722529005929,-0.41758491709906753,-6.524795198175715,1,0,0,2700.110266067913,2.9630275881382686
2025-02-20,215,100.4286,1,0.0,0.0586,0.4969,0.2209,4,0.1157,0.2936,0.36,0.5714,2714.8018364720533,0.9868685724126802,1.8253043837863858,-14.326935268252438,1,1,0,2697.0433407634578,2.2512729476419855
2025-02-21,1117,450.2857,300,0.34,0.3743,0.4524,0.2678,825,0.2012,0.4119,0.6,117.8571,2741.5933625994785,-3.036419238650656,3.121945327710729,-15.913024547989096,0,1,0,2706.455392462846,2.0657039190657964
2025-02-22,126,126.0,2,0.0,0.0,0.2582,0.1352,2,0.1352,0.1352,0.0,2.0,2658.3470942919384,3.987746345839316,-5.8398572002382965,-15.917518317738155,1,0,0,2696.980715420637,2.296996671590128
2025-02-23,848,441.0,16,0.17,0.17,0.3405,0.1387,22,0.1387,0.1451,0.51,7.3333,2764.355233404291,2.2728328951527432,-9.732460519552067,-19.951519806232998,1,0,0,2707.199836423189,2.762407040847559
2025-02-24,1205,365.8182,77,0.1162,0.0845,0.5408,0.1443,30,0.1199,0.2818,0.4,2.7273,2827.1844084879804,-11.463029698961114,-17.732499948835144,-10.959531624305786,0,0,0,2731.0973594344227,2.734353100940407
2025-02-25,3619,1198.5,21,0.285,0.2667,0.5325,0.1929,58,0.1767,0.3122,1.0,9.6667,2503.103420098605,-0.31113250627299305,-7.90141073307431,-14.178554660534015,0,0,0,2696.9828365777075,5.210917864792668
2025-02-26,2807,1099.4,21,0.3975,0.398,0.4743,0.1641,25,0.1558,0.1974,0.85,5.0,2495.315451693047,-6.79118613555233,-10.423982382973062,-12.977056986455304,0,0,0,2672.1001152924846,5.175656388023047
2025-02-27,985,228.4,68,0.2212,0.207,0.5459,0.2243,441,0.2291,0.2968,0.55,44.1,2325.853934699374,-0.882729417788819,-4.859702559825108,-3.6317766356881553,0,0,0,2616.5361293249593,5.468767234594531
2025-02-28,1811,446.5833,1382,0.624,0.3183,0.4152,0.2401,1767,0.186,0.3439,1.0,147.25,2305.3229378029837,-3.04160115896166,9.196772299562017,-4.468016162265098,0,1,0,2554.21178292546,5.33983130838531
2025-03-01,171,86.75,6,0.15,0.075,0.3836,0.1614,35,0.1496,0.1984,0.2,8.75,2235.204208608959,-1.001244406473778,-3.892470978876561,-4.225761534551231,0,0,0,2493.762799256463,5.339947910071778
2025-03-02,211,191.5,47,0.125,0.125,0.3186,0.2148,97,0.2148,0.3064,0.25,48.5,2212.8243514969954,13.76132215190491,-1.867631650655921,-0.5795693367053101,1,0,0,2414.9726732697063,4.645814131377721
2025-03-03,2104,646.0,29,0.285,0.2443,0.3744,0.1961,91,0.185,0.356,1.0,13.0,2517.3382391622977,-14.663850091710728,-10.96213929262837,-19.86514053607601,0,0,0,2370.708934794609,7.794244647254104
2025-03-04,311,137.0,51,0.03,0.104,0.5798,0.1533,385,0.144,0.1903,0.4,77.0,2148.199533470228,1.084508664199979,2.519375041101779,-12.525672023420276,1,1,0,2320.0083795619835,8.54173503152126
2025-03-05,5742,796.5556,18,0.65,0.2611,0.5244,0.1795,90,0.1901,0.2549,1.0,10.0,2171.496943535016,3.218386817986585,-1.4159418774990606,-11.52140791729731,1,0,0,2273.7485926822646,8.599656832837988
2025-03-06,1844,721.2,31,0.2713,0.217,0.4632,0.2118,111,0.2187,0.2751,0.6,11.1,2241.3841149187283,-1.7428239233596488,-1.8463865502882926,-14.755568874345936,0,0,0,2261.681475570744,8.432450971261424
2025-03-07,3436,676.3333,91,0.2722,0.2722,0.3862,0.2084,341,0.2084,0.2535,1.0,37.8889,2202.3207363495417,-2.7957293590536336,-8.402739578793328,-15.416728094895205,0,0,0,2246.9668753631095,8.450001119267657
2025-03-08,822,822.0,3,1.0,1.0,0.3295,0.1587,2,0.1587,0.1587,1.0,2.0,2140.7498089428914,2.7677074121490675,-12.221264827438238,-10.747801430892235,1,0,0,2233.4733896965286,8.437404890119561
2025-03-09,976,589.6667,24,0.43,0.2867,0.512,0.1997,12,0.2346,0.2368,0.6,4.0,2199.9995000805707,-8.306094610001157,-12.66771093864616,-11.827903229019189,0,0,0,2231.641268065611,8.505596857543745
2025-03-10,2224,488.3333,6,0.2125,0.2167,0.5655,0.1678,33,0.1698,0.2269,0.6,5.5,2017.265460184326,-6.848000791755027,-5.284893048797768,-6.419636868377976,0,0,0,2160.202299640186,6.511465710245572
2025-03-11,1790,455.875,56,0.2,0.1825,0.4694,0.1847,232,0.1787,0.2267,1.0,29.0,1879.1231054991026,2.245026796602323,-0.8689249151522138,2.664021964089125,1,0,1,2121.762809930025,4.530908723955128
2025-03-12,1459,504.0,39,0.2333,0.22,0.5651,0.1638,8,0.1563,0.2259,0.4,1.6,1921.3099227587034,-0.5545583525722098,-0.5539789435905385,0.5978464489409197,0,0,1,2086.021806961981,4.673178152585984
2025-03-13,1316,401.75,6,0.06,0.015,0.3345,0.1552,6,0.1312,0.1731,0.06,1.5,1910.6551381032464,-2.5049105147106454,1.5246367326029908,7.854555224131454,0,1,1,2038.7748102740547,4.214897198691884
2025-03-14,94,94.0,0,0.0,0.0,0.3375,0.1838,0,0.0,0.1838,0.0,0.0,1862.7949366490388,2.5698659983788064,1.3404270018661846,6.336545239270475,1,1,1,1990.2711246025542,4.2116739458972265
2025-03-15,1590,645.25,25,0.1333,0.1,0.4089,0.2102,39,0.2313,0.2737,0.2,9.75,1910.6662703455045,1.5240452128442383,0.9691429478691393,2.819074885410777,1,1,1,1957.4020476600704,4.575799613936454
2025-03-17,1312,446.3333,43,0.4033,0.21,0.481,0.1648,19,0.1422,0.2509,0.56,3.1667,1887.7643429692785,2.1940776107385096,9.162386117905786,6.000890977087026,1,1,1,1901.7284863567154,3.3925268498095558
2025-03-18,1633,957.3333,0,0.385,0.3567,0.4676,0.1846,5,0.1566,0.2405,0.65,1.6667,1929.1833577618722,0.18728381253430015,2.677216893613066,7.700458718576697,1,1,1,1908.8799509656826,2.289172249551753
2025-03-19,1032,544.25,73,0.235,0.235,0.503,0.1403,253,0.1403,0.1507,0.46,63.25,1932.7964059050657,6.619020750056648,1.6418168677680312,7.026194209032144,1,1,1,1910.5208771294488,2.139829565052925
2025-03-20,2857,1135.75,13,0.4,0.4,0.3822,0.1415,19,0.1415,0.1727,1.0,4.75,2060.728601068271,-3.8771151379278113,-3.939561728778318,-2.467334017282552,0,0,0,1931.9599432673094,3.217692500831325
2025-03-21,1272,269.3333,32,0.6,0.2667,0.4679,0.2127,31,0.2002,0.2958,1.0,5.1667,1980.831780524645,-0.8230076560816202,1.0205431258372144,1.1344549206803167,0,1,1,1948.822349535253,3.504995348795857
2025-03-22,1678,741.5,67,0.4667,0.35,0.522,0.1414,72,0.1337,0.1644,1.0,18.0,1964.5293833168294,0.7643328003786642,5.762700394127407,-3.441639704908739,1,1,0,1956.5170799597279,3.4754834072452083
2025-03-23,4853,1938.0,83,0.6,0.4,0.5161,0.1682,46,0.1766,0.1908,1.0,15.3333,1979.5449257665966,1.0862141620890275,4.498685941571412,-7.59115909067114,1,1,0,1962.1969710446513,3.4480685592193376
2025-03-24,1356,759.0,201,0.285,0.19,0.4206,0.2449,166,0.2304,0.2739,0.37,55.3333,2001.0470230951883,3.8326087219161087,0.44159482975998365,-9.780337138148553,1,1,0,1978.3802110626384,3.1814379734151244
2025-03-25,3222,764.5714,172,0.42,0.2457,0.5909,0.1907,58,0.2102,0.2454,1.0,8.2857,2077.739325831977,-0.4399440617589456,-3.582542852095494,-12.20230978539486,0,0,0,1999.6024922155104,3.3501529118492934
2025-03-26,848,303.8,116,0.0667,0.04,0.4183,0.1695,87,0.1726,0.2433,0.2,17.4,2068.598435049149,-2.8383900308573518,-8.299391128518929,-7.8038965907798685,0,0,0,2019.0027820932366,3.387214488312299
2025-03-27,1004,586.8,160,0.13,0.104,0.4173,0.1878,42,0.1722,0.2502,0.26,8.4,2009.8835432902426,-0.3273880809165908,-8.986044127424108,-10.65343777939689,0,0,0,2011.739202410661,2.5709822355149177
2025-03-28,848,243.6,326,0.2,0.12,0.5298,0.2005,35,0.243,0.243,0.4,7.0,2003.3034241292064,-5.310531734824531,-9.88195516471323,-9.23569549906924,0,0,0,2014.949437211313,2.051937742994924
2025-03-29,848,274.0,211,0.1,0.05,0.5305,0.1935,31,0.2044,0.2531,0.2,7.75,1896.9173600459985,-3.5659349368815985,-3.833072795709491,-4.345818454581963,0,0,0,2005.2905767440514,2.9302622062053834
2025-03-30,848,481.5,158,0.2,0.3,0.4262,0.1772,29,0.1688,0.1855,0.4,14.5,1829.2745211803463,-1.3085320415061386,4.258116002666235,-1.0571783395130763,0,1,0,1983.8233760888725,3.0814366159136966
2025-03-31,848,327.0,241,0.2,0.1667,0.4184,0.1445,31,0.1552,0.1827,0.4,5.1667,1805.3378779435934,1.0451926505239406,-0.5304285415548948,-12.77908803757144,1,0,0,1955.8649267815017,2.9300082846130513
2025-04-01,2180,599.8571,192,0.515,0.4414,0.4553,0.1831,53,0.1905,0.2597,1.0,7.5714,1824.2071367609847,4.547730017422236,-0.32467348073725866,-14.70761290115844,1,0,0,1919.646042628503,2.193649456025406
2025-04-02,1983,712.6,408,0.2775,0.222,0.4907,0.1906,183,0.1953,0.2632,0.6,36.6,1907.1671522994227,-5.841402081491653,-4.859897929907319,-22.85097382982031,0,0,0,1896.5844308071134,3.2652221719213204
2025-04-03,848,230.7143,286,0.35,0.2,0.421,0.2542,112,0.1757,0.4433,1.0,16.0,1795.761850567479,1.2542069194536598,0.7893015769456113,-7.419062280514521,1,1,0,1865.9956175610046,3.6988965107995218
2025-04-04,848,346.8333,391,0.2625,0.175,0.4226,0.1998,49,0.1614,0.3789,0.4,8.1667,1818.2844199542053,-0.20918864878963772,-13.400118052751298,-16.188655222547244,0,0,0,1839.5643312502903,3.8310612499316963
2025-04-05,848,488.0,148,0.2,0.1,0.4274,0.2435,34,0.3459,0.3459,0.2,17.0,1814.4807753449506,-0.250482024087062,-14.250410711842376,-13.57683633612382,0,0,0,1827.7876762929973,3.4050343780343293
2025-04-06,1666,838.0,598,0.35,0.35,0.4201,0.2296,186,0.2296,0.3761,0.85,62.0,1809.935827172196,-13.000663476244444,-18.7064611160621,-9.065142056052377,0,0,0,1825.0250057204046,3.141257547187197
2025-04-07,848,424.0,490,0.225,0.225,0.4212,0.2647,50,0.2647,0.3791,0.25,25.0,1574.6321611455576,-1.1889982331533155,5.582319571997774,1.3203454983051754,0,1,1,1792.0670461778282,5.837143099938434
2025-04-08,984,647.3333,238,0.32,0.3467,0.5548,0.2071,39,0.2066,0.2583,0.44,13.0,1555.909812570873,-5.434050640417154,-2.0554654305768305,4.218328240849134,0,0,1,1753.7388570078122,5.716808007987516
2025-04-09,1433,371.2222,450,0.112,0.0622,0.5091,0.1777,305,0.179,0.2412,0.2,33.8889,1471.3608854365523,12.992888211166797,6.576959170738861,7.915212380478209,1,1,1,1691.480818884545,4.980180458539276
2025-04-10,1847,1295.6667,259,0.6667,0.6667,0.4526,0.1993,199,0.1993,0.2477,1.0,66.3333,1662.5331604641576,-8.336948670722155,-1.0027220836818396,-5.1022025187433595,0,0,0,1672.4481488697845,7.805858030572703
2025-04-11,1534,481.7143,189,0.14,0.06,0.5007,0.1997,46,0.1849,0.2531,0.22,6.5714,1523.928624242526,2.9005994887314035,4.691435059376148,3.9075206351811165,1,1,1,1630.3973209109733,8.209601831706305
2025-04-12,848,848.0,96,0.2,0.2,0.4184,0.2618,30,0.2618,0.2618,0.2,30.0,1568.131690125936,4.956910422712735,3.4060599506453126,1.3404442263041938,1,1,1,1595.2045944511142,8.417056118673456
2025-04-13,2408,1112.0,81,0.255,0.17,0.4171,0.2503,40,0.2779,0.3302,0.31,13.3333,1645.8625733156498,-3.064643921875476,-3.5264395615112187,-1.8721076048118124,0,0,0,1571.7655581858933,8.794334415623462
2025-04-14,848,360.6,120,0.1333,0.08,0.4369,0.2288,41,0.2182,0.3807,0.2,8.2,1595.4227460001084,1.6372118087241372,-1.1103887272831625,-0.6244564759241067,1,0,0,1574.7356417365431,7.193727139790622
2025-04-15,3064,762.3333,153,0.444,0.3356,0.4903,0.2193,80,0.1853,0.3426,1.0,8.8889,1621.543195596693,-2.079560463521557,-2.34756286479626,-2.719424072340648,0,0,0,1584.1118393116606,7.168707162239634
2025-04-16,2112,756.1667,171,0.355,0.2367,0.5339,0.2012,139,0.187,0.2548,1.0,23.1667,1587.8222244021401,-0.6370280356755242,0.08372451301568162,10.825156172233852,0,1,1,1600.7491734496016,6.783722358388304
2025-04-17,1016,766.5,107,0.1075,0.1075,0.418,0.1619,37,0.1619,0.2444,0.2,9.25,1577.7073516760117,0.36566337971957186,2.3669093764553173,13.707389876822518,1,1,1,1588.6312007655808,4.401482036487281
2025-04-18,848,313.0,55,0.2533,0.29,0.4666,0.1717,83,0.1806,0.2451,0.56,20.75,1583.4764497002345,0.35839946517142174,0.12526713892622166,11.74100575164232,1,1,1,1597.1380329738247,2.81495884645097
2025-04-19,848,848.0,55,0.2,0.2,0.418,0.2768,31,0.2768,0.2768,0.2,31.0,1589.1516208270755,1.6297144809443553,-0.7365603811138488,12.563090707615675,1,0,1,1600.1408802168446,2.623564421481012
2025-04-20,848,398.25,156,0.525,0.3375,0.4195,0.2776,144,0.2124,0.3884,0.85,36.0,1615.0502549158562,-1.8321553451012162,8.956761845332784,12.768598053565029,0,1,1,1595.7391204454455,1.7917941420048662
2025-04-21,1819,591.4667,317,0.5,0.2933,0.4227,0.2235,352,0.1536,0.5512,1.0,23.4667,1585.4600253443446,-0.5054347396976744,13.151376938431692,13.133842253981975,0,1,1,1594.3158746374795,1.507830663262196
2025-04-22,4544,960.4286,322,0.3,0.2286,0.6335,0.2395,59,0.1787,0.3624,1.0,8.4286,1577.4465595922347,11.55410934402672,12.16814287469894,14.076886063078797,1,1,1,1588.0163552082709,1.3050558711678721
2025-04-23,1689,411.2857,313,0.4,0.1886,0.465,0.2382,230,0.2543,0.3474,1.0,32.8571,1759.7064599311093,1.9471082441651077,1.6532143948119193,2.1177160278903706,1,1,1,1612.571245998124,4.534258687761115
2025-04-24,848,311.3333,127,0.2,0.1183,0.4193,0.1779,128,0.1681,0.2393,0.4,21.3333,1793.969849485534,-1.3699973138980859,1.5217469151688423,0.0044421803561345286,0,1,1,1643.4658885423412,4.429374851155793
2025-04-25,1592,785.25,124,0.25,0.1875,0.5411,0.1376,55,0.1407,0.1443,0.35,13.75,1769.3925107354407,1.0967419371306741,1.3733150327098986,3.925743860431674,1,1,1,1670.025325833085,4.577705302140103
2025-04-26,848,579.5,67,0.2,0.2,0.4179,0.2044,36,0.2044,0.2617,0.2,18.0,1788.7981804331257,1.8152606734064936,0.5983757237651322,2.9421659178504367,1,1,1,1698.5462629196638,4.550520326376803
2025-04-27,848,426.0,81,0.4,0.2667,0.4674,0.2318,35,0.2563,0.388,0.6,11.6667,1821.2695303291391,-1.5142012643862612,-1.334096038374688,0.7265471324766182,0,0,1,1728.0061594072756,4.54998105198878
2025-04-28,3464,680.7143,144,0.3667,0.2214,0.5241,0.167,84,0.1921,0.3351,0.55,12.0,1793.6918440730135,0.3239168666666403,0.019941930937084074,0.8063954697055342,1,1,1,1757.7535620827996,4.508904242130437
2025-04-29,848,356.5,102,0.0867,0.065,0.4477,0.1712,36,0.1699,0.2418,0.2,9.0,1799.50191449199,-0.14058716996760978,2.1868503602950895,1.1393455729197033,0,1,1,1789.4757556399074,4.446842777942566
2025-04-30,896,496.8571,182,0.172,0.1229,0.5432,0.1801,102,0.1672,0.2569,0.4,14.5714,1796.9720456768928,-0.16263496263845267,2.473914119421905,1.0682775367114816,0,1,1,1794.799410746448,1.409385204506876
2025-05-01,2180,1169.3333,185,0.2767,0.2767,0.4392,0.2237,73,0.2237,0.3045,0.63,24.3333,1794.0495408617828,2.49741084124524,2.2548079132308496,0.9067411850204987,1,1,1,1794.8107952287694,1.2123333768370177
2025-05-02,2469,1455.25,132,0.4775,0.4775,0.4194,0.211,45,0.211,0.3842,0.75,11.25,1838.8543285925753,0.13993834119270243,-1.6694217845942827,19.507084120461606,1,0,1,1804.7339120655029,1.3532922474900326
2025-05-03,1424,621.25,116,0.45,0.225,0.4204,0.1798,221,0.2034,0.2528,0.7,55.25,1841.427590836958,-0.3761037900705144,-1.163397955705725,27.151780208659403,0,0,1,1812.2523992660501,1.338211401052033
2025-05-04,1681,585.7143,103,0.2933,0.2514,0.4359,0.1638,99,0.1676,0.2716,0.5,14.1429,1834.501911876416,-1.436129221875393,-0.9993566850971636,40.83838716200832,0,0,1,1814.1427394870898,1.2081554066138196
2025-05-05,1777,615.0,327,0.4033,0.3355,0.4443,0.1714,540,0.178,0.3491,1.0,49.0909,1808.156093844096,0.6552734072905464,0.11950478676638898,38.67548931734779,1,1,1,1816.2090608829587,1.1909031888433597
2025-05-06,867,343.0,441,0.32,0.2,0.4763,0.2502,537,0.2452,0.5345,1.0,67.125,1820.0044598893596,-0.21075583011203047,20.744824408697916,36.94616941921629,0,1,1,1819.1379959397257,1.2068003506232008
2025-05-07,3012,429.8125,678,0.3612,0.2631,0.4763,0.6255,1636,0.5067,1.0,1.0,102.25,1816.1686943818438,-0.3222039599899529,28.920180721403142,47.37833392943387,0,1,1,1821.8803743261471,1.2100793694943714
2025-05-08,1401,474.7778,591,0.4,0.3178,0.5084,0.3147,583,0.2227,0.85,1.0,64.7778,1810.3169269284476,21.390965119707815,42.71992194906274,43.8266443841782,1,1,1,1824.204286621385,1.218602315230652
2025-05-09,1050,305.1875,284,0.2222,0.3144,0.5415,0.2652,88,0.1559,0.556,1.0,5.5,2197.5611893238784,6.5457460014116675,14.102365974674536,15.687185631858714,1,1,1,1875.4481238687142,8.207077254680776
2025-05-10,4318,944.3636,567,0.498,0.5164,0.5485,0.1656,1544,0.1531,0.3123,1.0,140.3636,2341.407963002621,10.347404039304497,6.449898115195962,8.669103288631753,1,1,1,1946.8738913209515,8.213690582418858
2025-05-11,848,446.0,143,0.09,0.132,0.416,0.1673,112,0.1745,0.2328,0.3,22.4,2583.6829051429513,-2.949804491545849,3.597819910482336,-4.204405717010761,0,1,0,2053.899747501885,8.315361839683257
2025-05-12,848,411.0,227,0.07,0.06,0.4705,0.1922,62,0.1993,0.2978,0.2,8.8571,2507.4693107597423,-0.599924378648109,3.838482790086739,-1.6801132905219451,0,1,0,2153.801635632692,8.535922949646567
2025-05-13,9486,1635.0909,263,0.546,0.4964,0.4331,0.1724,267,0.1596,0.2997,1.0,24.2727,2492.426391077375,7.39090120013175,2.0008735892041996,1.3867311362805612,1,1,1,2249.861911516694,8.656337478249977
2025-05-14,6949,1203.2,159,0.4029,0.328,0.5518,0.1935,251,0.1875,0.2804,1.0,25.1,2676.639163127913,-2.7243520685371725,-4.940976999297764,-5.692392979681782,0,0,0,2372.786264194704,8.382888322388272
2025-05-15,2911,692.3333,133,0.2725,0.1817,0.4189,0.1691,157,0.1578,0.232,0.49,26.1667,2603.7180887199615,-2.3589879610722564,-4.941537100643789,-1.7193817770426056,0,0,0,2486.1292873077773,8.725646831555748
2025-05-16,1422,553.8333,193,0.3925,0.28,0.4189,0.1751,75,0.185,0.3278,0.51,12.5,2542.296692466797,0.0822227107860174,-3.02701518201709,4.51838499535453,1,0,1,2535.377216328194,5.650897194736568
2025-05-17,848,368.5,61,0.05,0.05,0.4407,0.1936,93,0.1936,0.2739,0.2,23.25,2544.3870377235667,-2.7249252305540095,-0.6837557955731932,-0.9657818686424124,0,0,0,2564.3742270026155,5.349308980475437
2025-05-18,1260,833.8,182,0.476,0.476,0.4172,0.1385,55,0.1385,0.1721,0.9,11.0,2475.0543933696913,-0.39245229445475927,1.9886411416560446,2.197470528504053,0,1,1,2548.8558681778636,3.6957079133022828
2025-05-19,3923,1063.7333,325,0.514,0.3733,0.5143,0.2055,322,0.1738,0.3401,1.0,21.4667,2465.3409856139087,2.500613855736411,3.7970102030218555,3.296871759220066,1,1,1,2542.837536014173,3.542750517258464
2025-05-20,3348,996.2857,324,0.44,0.3571,0.5163,0.1423,214,0.1481,0.2275,1.0,30.5714,2526.989643891319,-0.10745198672563738,5.151497204588118,1.3923003140497991,0,1,1,2547.775143559022,3.674287225181942
2025-05-21,2809,851.3333,750,0.4133,0.4133,0.4188,0.1496,123,0.1496,0.2298,1.0,20.5,2524.2743433146065,1.3736974015593484,-0.17670560576250605,5.4597755538950965,1,0,1,2526.00874072855,1.9215772192876828
2025-05-22,1870,1152.3333,451,0.4867,0.4867,0.4187,0.1846,76,0.1846,0.2485,0.66,25.3333,2558.9502343769486,3.8381836840831296,-1.1530998044476548,4.584582243832314,1,0,1,2519.6133329652625,1.867448711468663
2025-05-23,5719,1811.625,214,0.5657,0.495,0.4898,0.1374,175,0.1399,0.1679,1.0,21.875,2657.1674447566115,-5.169175016896532,-4.160344830268903,-0.9042801677913381,0,0,0,2536.0234404352364,2.1403231816114436
2025-05-24,1405,612.25,115,0.1533,0.19,0.5538,0.148,43,0.1417,0.1666,0.3,10.75,2519.813809045145,0.3821383607283124,1.6810416484752233,0.1850305662740359,1,1,1,2532.5129791954614,3.085357084681334
2025-05-25,2052,731.125,113,0.29,0.2538,0.549,0.1592,69,0.1579,0.2421,0.46,8.625,2529.4429842284353,0.6790875388676065,5.244280002467461,0.11543257147350605,1,1,1,2540.2827778895676,2.859582132615
2025-05-26,4155,1019.7778,141,0.59,0.3789,0.5608,0.2223,61,0.1536,0.4043,0.95,6.7778,2546.6201163370915,0.6107236883254652,5.090955470032377,-0.32553178415424266,1,1,0,2551.8940822785944,2.8420584984703416
2025-05-27,3104,882.6,362,0.5656,0.509,0.5079,0.19,1028,0.173,0.3429,1.0,102.8,2562.1729286392238,3.8998588685420277,2.7697692492261394,1.8564057401649459,1,1,1,2556.920265814009,2.7068361931413447
2025-05-28,1530,760.0,404,0.4325,0.346,0.504,0.2059,335,0.2149,0.33,1.0,67.0,2662.0940568241435,0.5324137811819174,-5.169532671706111,-2.502732750822756,1,0,0,2576.608796315371,3.0283352905812264
2025-05-29,3180,1026.5385,304,0.3767,0.3,0.4457,0.1929,211,0.1663,0.303,1.0,16.2308,2676.2674124507,-1.611505850326711,-5.377064581518686,-2.463289816097758,0,0,0,2593.3683931830496,3.018546614238467
2025-05-30,1704,521.6,188,0.3257,0.228,0.4591,0.2036,101,0.1706,0.3486,1.0,10.1,2633.1392065286695,-4.126746183953179,-3.6006128296160345,-8.033684745594716,0,0,0,2589.9357877219154,2.7605702076672514
2025-05-31,848,417.0,214,0.13,0.0867,0.4164,0.1832,97,0.1624,0.2587,0.2,16.1667,2524.4762348050726,0.3124034362170569,3.3773746006741767,-1.7061856452521451,1,1,0,2590.6018485447626,2.452223086009109
2025-06-01,3552,822.4737,931,0.3244,0.3074,0.5519,0.2144,2370,0.2147,0.365,1.0,124.7368,2532.3627853090866,0.23564053153362075,2.491987801404627,-0.23972826699740768,1,1,0,2591.018962984855,2.45080094187015
2025-06-02,3678,703.8667,943,0.3844,0.3553,0.5028,0.2593,1392,0.253,0.525,1.0,46.4,2538.3300584367485,2.813156440603448,2.8370278779214386,-1.1639910560078848,1,1,0,2589.8346689990917,2.437292168674456
2025-06-03,2619,679.4118,806,0.2741,0.2741,0.4871,0.276,2012,0.276,0.5748,1.0,118.3529,2609.737253959435,-0.5467330832438222,-7.209007340125783,2.8839275282481314,0,0,1,2596.629572616265,2.664047711737431
2025-06-04,4205,683.2703,2127,0.3175,0.3089,0.5217,0.2516,58737,0.2551,0.6269,1.0,1587.4865,2595.4689570062997,0.5730845973636933,-4.394773169194033,8.207929080929555,1,0,1,2587.1117012137156,2.139290672758556
2025-06-05,4030,1199.7778,1034,0.46,0.4578,0.5374,0.2671,1443,0.2623,0.5048,1.0,53.4444,2610.343189828259,-7.230546803203087,-3.2199288685872296,6.351425452408899,0,0,1,2577.6939551247956,2.142113481366317
2025-06-06,4164,973.1,1036,0.3879,0.375,0.4507,0.2313,4911,0.2327,0.5208,1.0,163.7,2421.601103763502,2.469559491552209,3.600222170595657,9.562180341316218,1,1,1,2547.4742261583438,3.389477123488676
2025-06-07,3018,978.5455,927,0.4005,0.3823,0.4407,0.211,1795,0.2109,0.4602,1.0,81.5909,2481.4039836690267,1.8089763906310452,8.204879282544386,3.8544563676964128,1,1,1,2541.3210474246225,3.3367741591531503
2025-06-08,1366,489.4118,457,0.2706,0.2706,0.5519,0.1826,1019,0.1826,0.2988,1.0,59.9412,2526.291995889778,-0.693026472540692,11.170965703263636,0.30789091913481226,0,1,1,2540.453791793293,3.421658449107495
2025-06-09,1284,486.5882,880,0.3329,0.3329,0.5638,0.2485,1301,0.2485,0.4923,1.0,76.5294,2508.784123584585,7.0239627156502005,10.65667888617099,1.5569885085069401,1,1,1,2536.232943957269,3.429788812680018
2025-06-10,6496,1011.8125,1612,0.3855,0.3803,0.4938,0.2302,2269,0.2241,0.5588,1.0,70.9062,2685.0001850413178,4.599739842166928,-1.1858925286500788,-4.605971431990308,1,0,0,2546.9847912546807,4.290280664115019
2025-06-11,2105,553.6333,879,0.4546,0.391,0.5568,0.2765,1002,0.2695,0.5543,1.0,33.4,2808.503208314919,-1.1524294021406867,-8.241207989502698,-10.450994211784415,0,0,0,2577.418255727341,4.518606128932511
2025-06-12,3950,1131.4118,1456,0.5494,0.5494,0.5129,0.2562,1645,0.2562,0.6723,1.0,96.7647,2776.1371915822333,-4.4298323405073115,-8.719560862491738,-9.178356493272533,0,0,0,2601.103113120766,4.60610428034047
2025-06-13,3440,597.9032,1974,0.3521,0.3381,0.6559,0.2589,6488,0.2577,0.5248,1.0,209.2903,2653.158968452672,-2.868669078326269,-3.969357494701775,-4.936748217723319,0,0,0,2634.1828080763617,3.830944914609439
2025-06-14,5791,724.6522,1458,0.3235,0.3235,0.4669,0.2392,4092,0.2392,0.5193,1.0,177.913,2577.04861752583,-1.6677371818906939,-0.6099525577244913,-6.6492025857533,0,0,0,2647.8463271987616,4.098770547418943
2025-06-15,3171,1166.3158,1388,0.6058,0.6058,0.5519,0.3552,2812,0.3552,0.6585,1.0,148.0,2534.0702195359518,0.5436070575271845,-0.7530777487018248,-10.397826447312008,1,0,0,2648.9575020053585,4.14008591584974
2025-06-16,10246,955.8529,1115,0.4115,0.4044,0.6614,0.271,2947,0.2633,0.6872,1.0,86.6765,2547.8456040920437,0.5292408400150883,-1.040572499878778,-12.575992710871498,1,0,0,2654.537713506424,4.126171013193328
2025-06-17,2113,693.1176,1313,0.3767,0.3656,0.4693,0.2638,2357,0.26,0.7618,1.0,69.3235,2561.329843569428,-1.8093391255183944,-1.5285283659776439,-5.365579901622485,0,0,0,2636.8705218675823,2.9117973170982205
2025-06-18,28093,2050.5,1226,0.4511,0.4511,0.451,0.2988,3989,0.2988,0.8137,1.0,90.6591,2514.986700576147,0.25235611857870044,-4.345600171083486,-2.7215809537051494,1,0,0,2594.9395921906153,1.7784793520244184
2025-06-19,3918,856.8696,1589,0.3159,0.3109,0.4975,0.3182,3735,0.3153,1.0,1.0,81.1957,2521.3334233964915,0.03354443168359644,-9.945191104598894,-4.129030968404002,1,0,0,2558.539053878366,1.9056281247041036
2025-06-20,4512,860.0638,1333,0.3371,0.3291,0.5025,0.2854,3140,0.2855,0.6676,1.0,66.8085,2522.1791903642184,-4.61837749657329,-11.68634111537833,-4.248204326519378,0,0,0,2539.8276570085873,1.3767022237002713
2025-06-21,5008,993.48,771,0.3883,0.3908,0.5576,0.2618,587,0.26,0.8605,1.0,23.48,2405.695434213183,-5.616398328568506,0.7567129985171617,0.7205756478338765,0,1,1,2515.3486308210663,1.8947983739794345
2025-06-22,4779,900.8108,3625,0.4011,0.4011,0.6888,0.2951,4793,0.2902,0.7023,1.0,129.5405,2270.581996055585,-1.9005378133615802,7.749436302900925,7.335168076466103,0,1,1,2477.7074560381566,2.597320866796643
2025-06-23,12901,1533.7105,1034,0.43,0.4187,0.5374,0.3071,824,0.3042,0.7125,1.0,21.6842,2227.4287266371684,8.820525446309514,8.520948689438267,12.356783505081115,1,1,1,2431.9336164017463,2.4316558858910358
2025-06-24,15897,1241.1296,1823,0.4359,0.4357,0.5239,0.3203,2562,0.3244,1.0,1.0,47.4444,2423.899644268608,0.9340179297428142,-0.36584762958243866,2.6523844571376243,1,0,1,2412.3007307873427,4.730777038324244
2025-06-25,3199,539.6349,1816,0.2737,0.2554,0.5907,0.2694,2748,0.2739,1.0,1.0,43.619,2446.539301545049,-1.1981216078894796,-0.9609088174887703,-1.6936062395917273,0,0,0,2402.5225309257576,4.736336959442435
2025-06-26,17236,1333.9831,2647,0.3825,0.3825,0.5791,0.3238,2499,0.3238,0.9787,1.0,42.3559,2417.2267855277296,-0.09080325703308967,0.8235146313822383,6.488465786761566,0,1,1,2387.650154087363,4.739908981467855
2025-06-27,3475,843.4211,2038,0.3561,0.3561,0.5089,0.3449,8707,0.3449,0.8456,1.0,152.7544,2415.031864876594,0.33119334419171587,3.628747451147696,7.250437116802777,1,1,1,2372.3433933034166,4.737780338634182
2025-06-28,6821,766.14,1458,0.344,0.3302,0.4577,0.2872,1700,0.2973,0.917,1.0,34.0,2423.0302896731746,0.5820278915691368,2.6892149179619684,3.557778723509686,1,1,1,2374.819801226273,4.380819001921518
2025-06-29,12213,969.127,1478,0.3092,0.3008,0.6071,0.2514,1830,0.262,0.6151,1.0,29.0476,2437.133001780241,2.6889903131916304,-1.3141852527878917,3.2926465856312204,1,0,1,2398.612802044081,3.563448775453104
2025-06-30,11640,994.7432,2461,0.3852,0.3845,0.6091,0.3282,3447,0.3312,1.0,1.0,46.5811,2502.6672721177083,-0.5784424717256043,2.852973991904517,2.7447084462071114,0,1,1,2437.9325942555865,3.3414634421613543
2025-07-01,3056,220.1058,1500,0.3616,0.1523,0.6838,0.1548,1189,0.2805,1.0,1.0,1.6133,2488.190781689803,-3.3392223386246256,4.097010994920058,2.228161985203325,0,1,1,2447.117042458614,1.2458125701450793
2025-07-02,4705,785.5536,2430,0.3309,0.3262,0.6733,0.2664,4548,0.2644,0.7961,1.0,81.2143,2405.1045592800183,7.02518975997013,4.32961577913753,8.759345983592159,1,1,1,2441.1977935636096,1.8366699071830823
2025-07-03,16386,1078.0133,2490,0.3659,0.3615,0.6172,0.3154,4517,0.3161,1.0,1.0,60.2267,2574.067718495133,0.624090538864297,-2.2022940475561525,7.711989965898791,1,0,1,2463.6036411303817,3.2214655381419632
2025-07-04,2360,658.96,1638,0.3961,0.3882,0.5341,0.2566,2010,0.2554,0.6317,1.0,40.2,2590.132231590221,-3.1232338187302755,-0.7248293830431574,13.833809978600819,0,0,1,2488.6179792323283,3.194352358496407
2025-07-05,5745,833.7455,1860,0.3726,0.3658,0.5621,0.3219,3528,0.3251,0.9362,1.0,64.1455,2509.236345783362,0.3245143719112553,1.3707499925698974,17.91840374348519,1,1,1,2500.933130105212,3.56842246192689
2025-07-06,6370,822.5789,1908,0.2939,0.2939,0.5519,0.2863,2923,0.2863,0.7456,1.0,51.2807,2517.37917835065,2.1442543987632456,3.908700421059441,16.90577370497659,1,1,1,2512.3968696152706,3.5694150074290816
2025-07-07,11663,918.1757,2408,0.3805,0.3889,0.4486,0.3242,3127,0.3151,0.9829,1.0,42.2568,2571.358192115984,-1.078281874312459,7.825489702753052,15.669046201058446,0,1,1,2522.209858186453,3.5197730544083
2025-07-08,9421,252.2063,1909,0.3719,0.1745,0.5774,0.1932,2995,0.2578,1.0,1.0,4.1197,2543.6317028067488,2.83627091171057,15.914823653497766,18.420434199737468,1,1,1,2530.129989774588,3.5488183623281695
2025-07-09,3473,841.4565,1426,0.3618,0.3733,0.6287,0.3689,3197,0.359,1.0,1.0,69.5,2615.7759888945047,5.994533722770434,13.115628313018778,19.775923895957483,1,1,1,2560.2259082909436,3.2265337127262295
2025-07-10,5698,1056.6389,2089,0.4326,0.4483,0.5553,0.342,3079,0.3232,1.0,1.0,85.5278,2772.5795626609174,6.343069191248163,6.14525350949251,21.479887065661995,1,1,1,2588.58474317177,2.928878562404092
2025-07-11,3524,838.1304,3131,0.4038,0.4167,0.6307,0.3434,9063,0.3291,0.9901,1.0,197.0217,2948.4462027029053,0.35290596066006596,0.8756914915647451,18.09212635609505,1,1,1,2639.772453330724,3.5124702680547384
2025-07-12,7665,1080.6977,1465,0.3807,0.3807,0.5143,0.2386,1384,0.2386,0.6319,1.0,32.186,2958.8514450990992,-0.5370272842392554,1.80232981602233,19.888312908605688,0,1,1,2704.0031818044013,2.867022856295472
2025-07-13,5512,933.4286,1678,0.3871,0.3871,0.5519,0.3172,4402,0.3172,0.9716,1.0,78.6071,2942.9616055388096,1.0636866493811459,6.459759850431213,27.815901006387133,1,1,1,2764.80067140271,2.987759430570572
2025-07-14,17092,1471.1351,3439,0.4258,0.4335,0.5558,0.3294,3757,0.3259,0.8367,1.0,50.7703,2974.2654952333387,1.2747420071729243,13.242295515446912,26.596423626827992,1,1,1,2822.358857562332,3.0244553095244013
2025-07-15,9327,1006.4421,3444,0.4129,0.4209,0.6098,0.351,4019,0.3377,1.0,1.0,42.3053,3012.1797069059276,4.013377773043314,15.593462344049414,23.349944729505665,1,1,1,2889.2942867193574,2.722976564220131
2025-07-16,7983,873.2921,4460,0.3893,0.3893,0.5509,0.3682,6137,0.3682,1.0,1.0,68.9551,3133.069857747011,7.5024392832442555,13.22176778886388,15.855990689083654,1,1,1,2963.193410841144,2.7846210921451013
2025-07-17,13193,981.6867,4225,0.3562,0.3929,0.5777,0.3582,10052,0.3362,1.0,1.0,121.1084,3368.126521526108,3.3774352888546133,11.681460549382416,10.232099897572965,1,1,1,3048.271547821885,3.124616952742185
2025-07-18,6723,774.2712,4463,0.3744,0.3854,0.6025,0.3717,6219,0.3443,1.0,1.0,52.7034,3481.8828152374017,1.8792781732186459,8.140162835303366,6.86884726387218,1,1,1,3124.476778183957,2.752367505255302
2025-07-19,5707,782.4141,2718,0.352,0.3712,0.5869,0.3646,3941,0.3404,1.0,1.0,39.8081,3547.317079001209,6.039939723983845,4.74175047999934,5.547053434753457,1,1,1,3208.5432973128295,2.6170252153822506
2025-07-20,8495,858.0645,2607,0.4346,0.4585,0.5645,0.3163,4002,0.3038,1.0,1.0,32.2742,3761.572892391466,0.09944918914828182,-3.501826855038226,-0.5088686853361835,1,0,0,3325.4877668632084,2.456386362932201
2025-07-21,13341,856.9322,3994,0.3982,0.3836,0.5654,0.293,4425,0.2781,1.0,1.0,37.5,3765.313746132171,-1.322379643966487,-1.3958240346066964,0.6954402882335842,0,0,1,3438.494659848756,2.6418940551105834
2025-07-22,8276,851.0216,1980,0.4174,0.4263,0.5982,0.3218,2439,0.3019,1.0,1.0,17.5468,3715.5220036218475,-2.305810081718551,0.14872806824550722,1.2674518856175654,0,1,1,3538.972130808174,3.1354189543517346
2025-07-23,16021,823.0714,2582,0.3832,0.3945,0.6442,0.3553,2765,0.3458,1.0,1.0,17.9545,3629.849122673864,2.284047254018451,3.1472253071368694,,1,1,0,3609.9405972262953,3.684870217344418
2025-07-24,7055,782.2692,2511,0.3752,0.3947,0.6565,0.3452,6941,0.3321,1.0,1.0,29.6624,3712.756591885309,0.22332290395454812,0.7992668855680174,,1,1,0,3659.173464420467,2.8658122950990372
2025-07-25,12130,940.7539,116,0.3944,0.4512,0.6729,0.3339,243,0.2909,1.0,1.0,0.757,3721.0480277230713,0.619197198714172,1.8933167928286476,,1,1,0,3693.339923346991,2.75552341448385
2025-07-26,7448,1013.5325,1893,0.4473,0.4617,0.4886,0.2741,4183,0.2705,0.7608,1.0,54.3247,3744.0886528735414,-0.044262493792124324,0.49480143664677456,,0,1,0,3721.450148185896,2.72842231536152
2025-07-27,4531,858.8667,2082,0.4016,0.4016,0.5693,0.3439,2584,0.3439,1.0,1.0,34.4533,3742.4314258659915,1.311121660000114,,,1,0,0,3718.715652967971,1.4548181672413012
2025-07-28,13148,1266.244,2237,0.4842,0.5117,0.6029,0.3238,3574,0.3416,1.0,1.0,21.2738,3791.4992549011713,-0.761830496116922,,,0,0,0,3722.4564399349706,1.5466599520570141
2025-07-29,5710,802.3039,1027,0.3141,0.3485,0.5969,0.2728,1063,0.2637,1.0,1.0,10.4216,3762.6144573172883,,,,0,0,0,3729.1839333200337,1.4729332393982597
